date,app,plan,period,cc,country,currency,old_price,new_price,change_pct
2026-10-09,gemini,Google AI Plus (400 GB),month,ME,Montenegro,EUR,4.99,49.99,901.8
2026-10-09,gemini,Google AI Ultra (30 TB),month,CV,Cape Verde,USD,149.99,199.99,33.3
2026-10-09,gemini,Google AI Ultra (30 TB),month,TD,Chad,USD,149.99,199.99,33.3
2026-10-09,gemini,Google AI Plus (2 TB),month,SV,El Salvador,USD,99.99,9.99,-90.0
2026-10-09,gemini,Google AI Plus (2 TB),month,ME,Montenegro,EUR,98.99,9.99,-89.9
2026-10-10,gemini,Google AI Ultra (30 TB),month,PH,Philippines,PHP,11900.0,8999.0,-24.4
2026-10-10,gemini,Google AI Ultra (30 TB),month,TC,Turks and Caicos Islands,USD,199.99,149.99,-25.0
2026-10-10,gemini,Google AI Ultra (30 TB),month,CY,Cyprus,EUR,219.99,149.99,-31.8
2026-10-10,gemini,Google AI Ultra (30 TB),month,BG,Bulgaria,EUR,219.99,159.99,-27.3
2026-10-10,gemini,200 GB,month,CY,Cyprus,EUR,2.99,29.99,903.0
2026-10-11,gemini,Google AI Ultra (30 TB),month,BM,Bermuda,USD,199.99,149.99,-25.0
2026-10-11,gemini,Google AI Ultra (30 TB),month,GM,Gambia,USD,199.99,149.99,-25.0
2026-10-11,gemini,Google AI Ultra (30 TB),month,JM,Jamaica,USD,199.99,149.99,-25.0
2026-10-11,gemini,Google AI Ultra (30 TB),month,KG,Kyrgyzstan,USD,199.99,149.99,-25.0
2026-10-11,gemini,Google AI Ultra (30 TB),month,AE,United Arab Emirates,AED,769.99,559.99,-27.3
2026-10-11,gemini,Google AI Ultra (30 TB),month,AL,Albania,USD,199.99,179.99,-10.0
2026-10-11,gemini,Google AI Ultra (30 TB),month,PH,Philippines,PHP,8999.0,11900.0,32.2
2026-10-11,gemini,Google AI Ultra (30 TB),month,TC,Turks and Caicos Islands,USD,149.99,199.99,33.3
2026-10-11,gemini,Google AI Ultra (30 TB),month,BG,Bulgaria,EUR,159.99,219.99,37.5
2026-10-11,gemini,Google AI Ultra (30 TB),month,CY,Cyprus,EUR,149.99,219.99,46.7
2026-10-11,gemini,Google AI Plus (2 TB),month,AE,United Arab Emirates,AED,36.99,364.99,886.7
2026-10-11,gemini,Google AI Plus (2 TB),month,KG,Kyrgyzstan,USD,9.99,99.99,900.9
2026-10-11,gemini,200 GB,month,CY,Cyprus,EUR,29.99,2.99,-90.0
2026-10-11,gemini,200 GB,month,AE,United Arab Emirates,AED,10.99,109.99,900.8
